,sitio,sum_bytes,latitud,longitud,consumed_data,normalized
0,19-00101,1868244915908,25.678705000005973,-100.29060299997771,1.9 TB,0.18846654872759508
1,19-00102,3543487906309,25.668009000000367,-100.31227099996822,3.5 TB,0.358958890369224
2,19-00104,2257844565841,25.699630999996888,-100.31871000001688,2.3 TB,0.22811677081504061
3,19-00105,3525043938068,25.682299999990992,-100.31675799999574,3.5 TB,0.3570818162058996
4,19-00107,2703240537971,25.695339999997582,-100.33616099997705,2.7 TB,0.2734454799523441
5,19-00109,3264401380982,25.710148999995535,-100.27929199999305,3.3 TB,0.33055577780808065
6,19-00110,2318358045337,25.690148999995287,-100.2955140000206,2.3 TB,0.23427533102348308
7,19-00111,818847629005,25.67583329999571,-100.33166669998403,818.8 GB,0.08166759372128977
8,19-00120,1563993748490,25.67198599999566,-100.2553139999739,1.6 TB,0.15750238754171395
9,19-00123,1192559200275,25.718781000002775,-100.315965999988,1.2 TB,0.11970085889504432
10,19-00126,1901134996506,25.695955600002627,-100.18200000001006,1.9 TB,0.19181382842974304
11,19-00201,1542148539251,25.68632899999414,-100.34368399998293,1.5 TB,0.15527916327028038
12,19-00202,1065656857300,25.70981500000461,-100.358374999996,1.1 TB,0.10678579061086788
13,19-00203,4205585421268,25.75076299999348,-100.36380299997454,4.2 TB,0.42634168580085435
14,19-00204,2888759537074,25.728182999999284,-100.3755799999936,2.9 TB,0.292326065489676
15,19-00205,964849317161,25.757959000004195,-100.40058200000435,964.8 GB,0.09652643499982508
16,19-00206,6933138409572,25.788754999991994,-100.43132099998594,6.9 TB,0.7039294140242441
17,19-00209,845441831845,25.716156999994308,-100.38225200001771,845.4 GB,0.0843741311861615
18,19-00301,2860330255891,25.65318000000506,-100.28228699998394,2.9 TB,0.28943276896621595
19,19-00302,1404089389856,25.636618999997506,-100.28133300000741,1.4 TB,0.14122864773296673
20,19-00303,3396739145185,25.659014999999467,-100.3178840000138,3.4 TB,0.34402401819820244
21,19-00304,2142202120743,25.674816999996082,-100.35411199997749,2.1 TB,0.21634764157773392
22,19-00305,1819678744560,25.665149999997155,-100.33459399999525,1.8 TB,0.1835238864838885
23,19-00306,321408725834,25.57181500000238,-100.28282800001521,321.4 GB,0.031042386565540626
24,19-00307,1168808356712,25.60547599999733,-100.26877900001695,1.2 TB,0.11728369496227622
25,19-00308,1169385918136,25.5710590000004,-100.24109599997864,1.2 TB,0.11734247437528308
26,19-00309,2876354582446,25.629856000008328,-100.30134200001586,2.9 TB,0.2910635920606843
27,19-00311,1015390744729,25.405277799995165,-100.13333330000617,1.0 TB,0.1016701224441859
28,19-00313,1041957867633,25.26401500000375,-100.00628100001973,1.0 TB,0.10437390393769909
29,19-00401,6526388521807,25.80300800000148,-100.27509999998571,6.5 TB,0.6625337829278114
30,19-00402,4428584502880,25.78305560000698,-100.31666669996639,4.4 TB,0.44903668337781
31,19-00501,2484822525601,25.72479299999489,-100.21806800000093,2.5 TB,0.25121670561987675
32,19-00502,1291594346935,25.702492000005655,-100.25625699999318,1.3 TB,0.12977983499321852
33,19-00503,3161743207400,25.75114299999347,-100.29934099998894,3.2 TB,0.3201080800693434
34,19-00504,5877119168524,25.75149719999528,-100.254722200028,5.9 TB,0.5964565314295868
35,19-00505,2202464507727,25.736717999991036,-100.2874219999806,2.2 TB,0.22248064767218523
36,19-00506,4152754150843,25.719893999995705,-100.2425140000251,4.2 TB,0.4209649571362537
37,19-00507,983113487531,25.743728000001177,-100.23222100001082,983.1 GB,0.0983852108265949
38,19-00520,1309850441809,25.89664900000166,-100.21217199999714,1.3 TB,0.13163778896296172
39,19-00523,150274481567,26.509521999997183,-100.00696999999113,150.3 GB,0.013625762107277846
40,19-00602,5335549481641,25.782482000005505,-100.18429800000105,5.3 TB,0.5413400590086488
41,19-00603,1572048228965,25.789056000003605,-100.14911099999935,1.6 TB,0.15832210578244557
42,19-00604,4178249780809,25.745555599995434,-100.19222220002366,4.2 TB,0.4235596909625933
43,19-00605,4769943939696,25.740400000004332,-100.1624020000196,4.8 TB,0.48377741654768674
44,19-00701,3577100677452,25.69575900000509,-100.23198699998213,3.6 TB,0.3623797195230069
45,19-00702,1693758696872,25.678627999999723,-100.26594200000213,1.7 TB,0.17070878806953022
46,19-00704,3473983984790,25.655460999992712,-100.18877199999032,3.5 TB,0.3518853575140208
47,19-00705,3478251408654,25.665780999993615,-100.21218200002673,3.5 TB,0.3523196605324603
48,19-00707,1780629717991,25.656604000001778,-100.2620840000251,1.8 TB,0.17954980032640433
49,19-00708,1568649692061,25.68376200000055,-100.19587599998844,1.6 TB,0.15797623087460325
50,19-00709,6781195091869,25.631606000005974,-100.1802940000134,6.8 TB,0.6884658829541743
51,19-00710,3432586991622,25.645352000000628,-100.09483299999792,3.4 TB,0.3476723147837567
52,19-00712,480436690893,25.599814999996774,-99.96187300001121,480.4 GB,0.047226934302655496
53,19-00720,174234503987,25.622820899996967,-99.7302230000167,174.2 GB,0.016064214529749352
54,19-00721,122378965541,25.75603200000199,-99.37375600000415,122.4 GB,0.010786787775896882
55,19-00802,1878397514455,25.66289100000184,-100.38268900001874,1.9 TB,0.18949979602959457
56,19-00803,430702657913,25.643508000001596,-100.3703710000175,430.7 GB,0.042165416785120605
57,19-00804,1664099388219,25.65352400000237,-100.35984400000685,1.7 TB,0.16769030954868508
58,19-00805,4073928635095,25.675111000002413,-100.41903800003043,4.1 TB,0.4129427497084413
59,19-00806,192597421347,25.62677800000264,-100.35516299999524,192.6 GB,0.017933040006421676
60,19-00807,94906954827,25.64371099999788,-100.40450100000818,94.9 GB,0.007990914303766947
61,19-00810,2209853503189,25.683274000005124,-100.48233700000098,2.2 TB,0.22323263836602136
62,19-00821,2365889191758,25.651538999995008,-100.74711999997024,2.4 TB,0.2391126570118089
63,19-02021,3747650635655,25.813732000004336,-100.37597699999039,3.7 TB,0.37973688019015955
64,19-02022,1644359244416,25.774398999992613,-100.46651099997013,1.6 TB,0.1656813213836247
65,19-02023,7350593397269,25.779166700005717,-100.58611109999616,7.4 TB,0.7464145214326937
66,19-02201,1622594309320,25.162907999998513,-99.83692999999157,1.6 TB,0.16346626674888967
67,19-02211,532895178505,25.671918000000524,-100.28350100001805,532.9 GB,0.05256572422339852
68,19-02214,2506724979954,25.67413950000855,-100.27340950001546,2.5 TB,0.25344575582437756
69,19-02215,653851383410,25.683594000001488,-100.28089499998335,653.9 GB,0.06487564387595104
70,19-02216,444034238241,25.660330999997427,-100.27689900001899,444.0 GB,0.04352219449493817
71,19-02219,3359834827812,25.732566000003807,-100.37397899998902,3.4 TB,0.34026820276028646
72,19-02221,1616583800588,25.671595999994416,-100.34276099999725,1.6 TB,0.16285456700500306
73,19-02222,2392238358217,25.721580000006703,-100.33296900000752,2.4 TB,0.24179425670548954
74,19-02227,7524959973440,25.756409000006535,-100.37772300001124,7.5 TB,0.7641601058319524
75,19-02228,3261188961007,25.673707999992406,-100.40445500000507,3.3 TB,0.33022884433812294
76,19-02229,1642401330526,25.653553000005676,-100.33914199999859,1.6 TB,0.1654820611415276
77,19-02230,1826820012445,25.66481099999629,-100.31413699998826,1.8 TB,0.18425066551891814
78,19-02231,1460240797206,25.67624500000162,-100.28866599999785,1.5 TB,0.14694327240558386
79,19-02235,1931620719192,25.684352000005553,-100.3319050000031,1.9 TB,0.19491641251883052
80,19-02236,2297259427852,25.70178699999843,-100.310625000003,2.3 TB,0.2321280886705647
81,19-02238,2866894499960,25.712574000003602,-100.36428399998113,2.9 TB,0.29010082330152354
82,19-02243,1859287036538,25.683574999998434,-100.29385000001147,1.9 TB,0.18755489003767037
83,19-02244,1094419207564,25.67375600000254,-100.32802400001188,1.1 TB,0.10971298414382054
84,19-02245,1638525978236,25.7027499999971,-100.33733300001433,1.6 TB,0.1650876599171117
85,19-02251,2040295654666,25.667246999996348,-100.26488399996752,2.0 TB,0.20597644639623244
86,19-02252,1724698341507,25.759953000000657,-100.39908799997106,1.7 TB,0.1738575685709895
87,19-02255,554482287813,25.628044999996867,-100.36240199999888,554.5 GB,0.05476268122383566
88,19-02256,2193966097066,25.742777800007417,-100.38527780001216,2.2 TB,0.22161574989787533
89,19-02257,943335445826,25.677758000002164,-100.35686099997599,943.3 GB,0.09433693155304279
90,19-02258,3026263156773,25.67374100000474,-100.42818800002303,3.0 TB,0.3063200438205872
91,19-02259,1605634444125,25.661553999996002,-100.39991100000701,1.6 TB,0.16174023228846207
92,19-02260,3253724899506,25.74125399999465,-100.35464800000408,3.3 TB,0.3294692140452315
93,19-02261,415521859912,25.648010000002927,-100.38466400001008,415.5 GB,0.04062044103294061
94,19-02263,2469832080306,25.70151699999628,-100.35219500002589,2.5 TB,0.24969110238784442
95,19-02264,1381959750409,25.66921600000394,-100.30531500000471,1.4 TB,0.13897647651325556
96,19-02265,2321995234735,25.655077999998017,-100.29512999998805,2.3 TB,0.23464549400342827
97,19-02300,1866238823383,25.654551999996745,-100.30097199999736,1.9 TB,0.1882623852634906
98,19-02310,245293686501,24.840974999999215,-99.55368999998413,245.3 GB,0.023296028953907484
99,19-02403,1855657112565,25.67300000000461,-100.44053999999745,1.9 TB,0.18718546647244194
100,19-02404,1905560382098,25.74798899999691,-100.29651000001049,1.9 TB,0.19226420748315223
101,19-02405,219476961544,25.76972219999899,-100.18083329999453,219.5 GB,0.020668616741674785
102,19-02406,1202585975231,25.609817999997535,-100.27164100001647,1.2 TB,0.12072130091519144
103,19-02407,1369846259849,25.447400000003242,-100.16398399998943,1.4 TB,0.13774366588049247
104,19-02408,2530552962762,25.668055600003246,-100.23138889998124,2.5 TB,0.25587077034991806
105,19-02410,3922510735151,25.69124999999571,-100.20301939998214,3.9 TB,0.3975326913014928
106,19-02417,955978342243,25.557992999998202,-100.22415799998905,956.0 GB,0.09562362072447513
107,19-02420,898692208140,25.71207899999826,-100.23961499999923,898.7 GB,0.08979351297128346
108,19-02421,1749043345354,25.704143000005054,-100.26450399999882,1.7 TB,0.17633520121110935
109,19-02422,1023778273550,25.69482800000308,-100.24509400000487,1.0 TB,0.10252373558417381
110,19-02423,1652239576736,25.681775000003356,-100.25875399999208,1.7 TB,0.16648331626905288
111,19-02424,6613151459961,25.800624999992785,-100.3127560000242,6.6 TB,0.6713637953966547
112,19-02433,2906896190009,25.65908999999487,-100.19934000002766,2.9 TB,0.29417186364919523
113,19-02434,1192322378377,25.789102999995222,-100.14228999999065,1.2 TB,0.11967675712582435
114,19-02437,5556377752540,25.754908000002356,-100.24656299998416,5.6 TB,0.5638141294700512
115,19-02440,1014892280703,25.732943000002898,-100.31516600001748,1.0 TB,0.10161939290852821
116,19-02441,4172083617711,25.72882600000469,-100.2672759999987,4.2 TB,0.42293215000791035
117,19-02442,392594186161,25.702305000002003,-100.6101479999954,392.6 GB,0.038287052498500236
118,19-02446,618773005698,25.727596999996276,-100.21034700001393,618.8 GB,0.06130565743734082
119,19-02447,3575040200255,25.769865999992724,-100.26104800000529,3.6 TB,0.36217002123790526
120,19-02448,1783322548535,25.28336000000121,-100.01430499997501,1.8 TB,0.17982385429214023
121,19-02449,3380424808928,25.65183330000674,-100.10290830000294,3.4 TB,0.34236368032081843
122,19-02450,2721815825842,25.697113999998574,-100.46980000000497,2.7 TB,0.27533591873880103
123,19-02451,3130912268378,25.663669999998266,-100.16531300000473,3.1 TB,0.3169703627238657
124,19-02452,1598455747629,25.641704000004548,-100.27317099997126,1.6 TB,0.16100964407973622
125,19-02453,4209129445586,25.75020499999306,-100.27179699997916,4.2 TB,0.42670236721141563
126,19-02454,3142922343362,25.775638999999515,-100.12031699998012,3.1 TB,0.3181926485767518
127,19-02455,605632173378,25.718958999998158,-100.28711699999947,605.6 GB,0.05996829247823091
128,19-02456,1501690082018,25.590574000000476,-100.00442000000872,1.5 TB,0.15116163694580922
129,19-02457,4496003340705,25.593238000001207,-100.02682899999769,4.5 TB,0.4558980137026664
130,19-02458,6231637771214,25.729106999995583,-100.17744500002165,6.2 TB,0.6325364953956908
131,19-02459,1410737776720,25.748499999993452,-100.22694500000208,1.4 TB,0.14190526542429727
132,19-02460,1468756254735,25.818896000004013,-100.21955899999178,1.5 TB,0.1478099050687783
133,19-02461,1848545772745,25.770202999994314,-100.28993099998351,1.8 TB,0.1864617332677258
134,19-02463,790524866634,25.525277999994817,-100.20750000001172,790.5 GB,0.07878513779933702
135,19-02464,613309433706,25.85912700000276,-100.23717800000773,613.3 GB,0.06074962038004161
136,19-02468,523311401260,25.73881700000268,-100.51835599999421,523.3 GB,0.051590366837255576
137,19-02845,749879290786,26.488883999997395,-100.14873000000894,749.9 GB,0.07464856809368542
138,19-03000,1566234393067,25.6823629999999,-100.30302300001051,1.6 TB,0.15773042176893246
139,19-03001,1834979214222,25.692799999998943,-100.31200000000104,1.8 TB,0.18508104142549292
140,19-03002,1172584858296,25.67896799999457,-100.33958799998024,1.2 TB,0.1176680359814351
141,19-03003,7690962771405,25.69040999999698,-100.42238499999044,7.7 TB,0.7810544942318944
142,19-03004,2296888900805,25.687333999999844,-100.44877299999531,2.3 TB,0.23209037949986733
143,19-03005,3476636423838,25.674813000001727,-100.46881700002305,3.5 TB,0.35215530076819135
144,19-03006,636640091523,25.65870900000395,-100.41088300000371,636.6 GB,0.06312402129146269
145,19-03007,2200146392333,25.624379999995032,-100.28058800001509,2.2 TB,0.22224472910754525
146,19-03008,1816528464941,25.59004199999712,-100.25675800000309,1.8 TB,0.18320327714414095
147,19-03009,2417942381889,25.6841479999931,-100.21768000000154,2.4 TB,0.2444101991153737
148,19-03010,2523471367585,25.681680999992338,-100.23840199999628,2.5 TB,0.2551500643083451
149,19-03011,2078834041285,25.655089999994882,-100.13090800001403,2.1 TB,0.20989856385346828
150,19-03012,1664434307658,25.677742999999786,-100.19519700001695,1.7 TB,0.1677243948722731
151,19-03013,1607173793794,25.70532599999674,-100.21122099996909,1.6 TB,0.16189689453458211
152,19-03014,4525674487928,25.721773000005797,-100.18623599999057,4.5 TB,0.4589176970550091
153,19-03015,1111594545161,25.694399999997458,-100.37100000002341,1.1 TB,0.11146094759878004
154,19-03016,439886102860,25.69931900000449,-100.36306700002079,439.9 GB,0.04310003166924332
155,19-03017,1195879383113,25.72722219999811,-100.35805559998497,1.2 TB,0.12003875957570527
156,19-03018,3799516899034,25.73120799999961,-100.33267999999332,3.8 TB,0.38501539843876925
157,19-03019,1528105007710,25.712093000003634,-100.32867399999087,1.5 TB,0.15384992906899592
158,19-03020,601986870258,25.655067999994763,-100.3715300000036,602.0 GB,0.059597303750933764
159,19-03021,3090104778255,25.77221939999889,-100.3811082999889,3.1 TB,0.31281731472578245
160,19-03022,4820252272447,25.80202500000073,-100.38306999998652,4.8 TB,0.48889738153422946
161,19-03023,4667865209950,25.822791000007715,-100.30227699999622,4.7 TB,0.47338868979824206
162,19-03024,4605489642714,25.639601000002312,-100.31346599998847,4.6 TB,0.46704062173872735
163,19-03025,515376243207,25.63116670000205,-100.35031020000827,515.4 GB,0.050782792243298576
164,19-03026,2334469753043,25.696941000001686,-100.2840269999779,2.3 TB,0.2359150470469979
165,19-03027,3636146451130,25.720578000003684,-100.2585730000158,3.6 TB,0.36838890880246433
166,19-03028,3132775048940,25.691641999994502,-100.25433499996629,3.1 TB,0.31715994108461676
167,19-03029,2686909027766,25.73615399999966,-100.2413540000346,2.7 TB,0.27178339425292675
168,19-03030,2479075620678,25.759870000003747,-100.16472400001003,2.5 TB,0.25063183328605515
169,19-03031,5589790312531,25.789959000001915,-100.24894200002005,5.6 TB,0.5672145827927918
170,19-03032,2939765497914,25.761982999995098,-100.3194299999867,2.9 TB,0.297517029278882
171,19-03033,3699535375694,25.652928999994938,-100.20565299999271,3.7 TB,0.37484010796878586
172,19-03034,1424614207663,25.73730440000623,-100.32214029997397,1.4 TB,0.14331749351219641
173,19-03035,2947655517978,25.72181499999746,-100.20431399997855,2.9 TB,0.29832001010257064
174,19-03036,398887345882,25.743183000000645,-100.51286900000846,398.9 GB,0.03892751811650664
175,19-03037,6416475395706,25.648071000002947,-100.16519100001663,6.4 TB,0.6513477362745879
176,19-03038,4919384056497,25.68027780000769,-100.16166669998752,4.9 TB,0.49898619258470944
177,19-03039,6545550232410,25.709932999994354,-100.15785100002034,6.5 TB,0.6644839029577317
178,19-03040,3124898569016,25.795551999997052,-100.19950100001626,3.1 TB,0.31635833826411214
179,19-03041,3022142082572,25.78096200000109,-100.22514100000254,3.0 TB,0.3059006350574207
180,19-03042,1194307726608,25.676195999994857,-100.2219439999982,1.2 TB,0.11987880940768242
181,19-03043,310215394859,25.696240999998334,-100.38172099999507,310.2 GB,0.02990322214603112
182,19-03044,2204337560966,25.768892999993724,-100.41673599998899,2.2 TB,0.2226712715008276
183,19-03046,170694488071,25.72257199999897,-100.39409999999172,170.7 GB,0.01570394106110884
184,19-03047,2430933714920,25.643627999995175,-100.29805599999817,2.4 TB,0.2457323492763908
185,19-03048,547849598065,25.691297000003672,-100.26685000001224,547.8 GB,0.054087661054822295
186,19-03049,1608721048155,25.703318000008654,-100.24532999999232,1.6 TB,0.16205436125471384
187,19-03050,8056811015079,25.80900000000461,-100.2569416999698,8.1 TB,0.8182874951200385
188,19-03051,4464553376361,25.796777000006134,-100.33799799997904,4.5 TB,0.45269729709243256
189,19-03052,1905429318200,25.727145000006512,-100.29796099997692,1.9 TB,0.19225086888630227
190,19-03053,3638543683185,25.674311999993517,-100.31967399999661,3.6 TB,0.3686328792048819
191,19-03054,2130377178949,25.647187000004678,-100.29055800001565,2.1 TB,0.21514419704593352
192,19-03055,2535489754401,25.666125999996808,-100.45995800001354,2.5 TB,0.25637319607057635
193,19-03056,890541260032,25.6631629999963,-100.42496900001788,890.5 GB,0.08896397705470598
194,19-03058,329762910279,25.638841999994824,-100.38339900001199,329.8 GB,0.031892606191407075
195,19-03060,1899862013302,25.71277599999468,-100.3498420000304,1.9 TB,0.19168427475390973
196,19-03061,1239026985550,25.646192999997613,-100.32327499998873,1.2 TB,0.12442996480256333
197,19-03062,1717257385242,25.674120500003333,-100.3011570999906,1.7 TB,0.17310028973744598
198,19-03063,2337755460525,25.664637000004717,-100.29766200000698,2.3 TB,0.23624943911177027
199,19-03064,506806803432,25.67917700000379,-100.2987019999802,506.8 GB,0.04991066571468857
200,19-03065,1577933984559,25.622145999999777,-100.29804200001824,1.6 TB,0.1589211091863107
201,19-03066,865359588875,25.66950399999697,-100.32443200001912,865.4 GB,0.08640119535282359
202,19-03067,1731978839617,25.76743700000193,-100.36919500001497,1.7 TB,0.1745985173039218
203,19-03068,2311367547609,25.78454500000201,-100.26692999999248,2.3 TB,0.23356389612495415
204,19-03069,1863910281948,25.76942700000413,-100.27366599999401,1.9 TB,0.18802540562284295
205,19-03070,1239405326161,25.760096000001607,-100.27517000001782,1.2 TB,0.1244684691730201
206,19-03071,2129500722478,25.7373479999961,-100.26923199999244,2.1 TB,0.2150549985732678
207,19-03072,1112940762447,25.709891000004248,-100.24902800002218,1.1 TB,0.11159795443227448
208,19-03073,1241773866156,25.71503500000099,-100.29529599998965,1.2 TB,0.12470951953546497
209,19-03074,611725459107,25.738591000001087,-100.30344499999138,611.7 GB,0.0605884165785443
210,19-03075,1506890907713,25.738975999994743,-100.31324999998728,1.5 TB,0.15169093386350488
211,19-03076,1494608074925,25.76616100000527,-100.3002230000117,1.5 TB,0.15044088898284108
212,19-03077,1135400940243,25.674180000001616,-100.24459500002506,1.1 TB,0.11388376510455836
213,19-03078,2271910907281,25.66310500000152,-100.23938799998862,2.3 TB,0.22954832641872186
214,19-03079,3375217113895,25.661904999991556,-100.22140299996656,3.4 TB,0.3418336842988568
215,19-03080,3150468158687,25.666308000003117,-100.18809799999276,3.2 TB,0.3189605990960055
216,19-03081,4628836722338,25.636975999997755,-100.15459699998752,4.6 TB,0.46941669392550694
217,19-03082,3111222102540,25.762943999999152,-100.2075620000195,3.1 TB,0.3149664609017014
218,19-03083,2316978493639,25.711126000000437,-100.30687199998808,2.3 TB,0.23413493168992047
219,19-03084,3385561947088,25.688695000000845,-100.31812599999834,3.4 TB,0.34288649564925344
220,19-03085,1745587818984,25.695800999995694,-100.34783499999162,1.7 TB,0.17598352638793358
221,19-03086,258695715598,25.7487239999995,-100.4091330000033,258.7 GB,0.02465997635532286
222,19-03087,1469643426816,25.756423999997512,-100.20028200000486,1.5 TB,0.14790019408738364
223,19-03088,48105455422,25.624439999999623,-100.38438599999648,48.1 GB,0.003227845739016373
224,19-03089,1993083687928,25.806729000003127,-100.35408700001256,2.0 TB,0.20117160386963184
225,19-03090,4917757733088,25.653053999996093,-100.08254200000871,4.9 TB,0.4988206788724565
226,19-03091,5147877611847,25.6220439999997,-100.1543839999944,5.1 TB,0.5222403721424569
227,19-03092,1846791900820,25.70426399999997,-100.30017299998737,1.8 TB,0.18628323872505578
228,19-03093,3530411783285,25.79398900000461,-100.29338899999861,3.5 TB,0.3576281109857376
229,19-03094,1555931643261,25.758088000001973,-100.28697100001652,1.6 TB,0.1566818933167392
230,19-03095,4941391932956,25.759166700004293,-100.15277780000835,4.9 TB,0.501225971777074
231,19-03097,4692792644450,25.57332899999914,-100.01249790003016,4.7 TB,0.4759255974011242
232,19-03098,2605751021082,25.593075000004493,-99.9849859999962,2.6 TB,0.26352380523700136
233,19-03099,2880139287989,25.62479400000272,-100.28892700001205,2.9 TB,0.29144876801076874
234,19-03100,1804738932977,25.7466910000031,-100.31039899999294,1.8 TB,0.18200343633124486
235,19-03101,1274097601609,24.86007599999599,-99.56699989997767,1.3 TB,0.1279991613244853
236,19-03103,958890215659,24.853953000001173,-99.5588970000204,958.9 GB,0.09591996705757574
237,19-03104,900784296259,24.86277400000113,-99.52863700000057,900.8 GB,0.09000642835393106
238,19-03105,975481334712,24.864399000007143,-99.55246399997121,975.5 GB,0.09760847359305089
239,19-03106,1215652452305,24.88129599999979,-99.55024600003358,1.2 TB,0.12205109861386419
240,19-03107,247699414473,24.836539999997672,-99.57675899999273,247.7 GB,0.023540864000315208
241,19-03108,770164879820,24.877077000000497,-99.57883689997132,770.2 GB,0.07671306715191371
242,19-03110,430687375410,24.847639000005525,-99.57180599999278,430.7 GB,0.04216386145867689
243,19-03112,1023478109827,24.863637000001773,-99.57970600001975,1.0 TB,0.10249318740919063
244,19-03119,2462379483089,25.62166699999946,-100.1042499999828,2.5 TB,0.24893263883472483
245,19-03120,7131436513789,25.63184099999604,-100.09876700001324,7.1 TB,0.7241105509248434
246,19-03123,2428440231405,25.669082999992387,-100.14272200000006,2.4 TB,0.24547858319842297
247,19-03125,1335378074799,25.639133999997625,-100.1802469999787,1.3 TB,0.13423577979173779
248,19-03126,1444533304822,25.724913899997283,-100.09296599999378,1.4 TB,0.14534469406607672
249,19-03127,5152333105332,25.70160500000526,-100.13741299999053,5.2 TB,0.5226938153275824
250,19-03128,2113500962475,25.73646099999483,-100.13028299997515,2.1 TB,0.2134266756587737
251,19-03129,4465247277342,25.732737999995567,-100.19422699999997,4.5 TB,0.4527679165809462
252,19-03130,2198835923939,25.741587999999023,-100.21614899999012,2.2 TB,0.22211136049987426
253,19-03131,792234284204,25.6725469999962,-100.34715000001601,792.2 GB,0.07895910814633897
254,19-03132,5016004746612,25.780556000007554,-100.23925899999988,5.0 TB,0.5088194453146871
255,19-03133,2772413403003,25.682227000006684,-100.4331509999694,2.8 TB,0.28048532062318493
256,19-03135,1099989519349,25.830933999998326,-100.24002999998815,1.1 TB,0.11027988429224096
257,19-03136,1100024808388,25.669834000000257,-100.32879499998512,1.1 TB,0.11028347571803881
258,19-03138,2961321167341,25.775857999998884,-100.32792299999721,3.0 TB,0.29971078658890804
259,19-03139,2718805253212,25.78659700000455,-100.3330679999966,2.7 TB,0.27502952761804306
260,19-03140,4573689549658,25.77557800000066,-100.40103100000923,4.6 TB,0.463804271931204
261,19-03141,1676491014050,25.77921499999317,-100.43440799997774,1.7 TB,0.16895142648323103
262,19-03142,673817892506,25.760210999993824,-100.42004400001984,673.8 GB,0.06690766962367323
263,19-03143,925627261920,25.742723000002627,-100.28014899999839,925.6 GB,0.09253473941873523
264,19-03144,521276585806,25.679708000004275,-100.33015900000424,521.3 GB,0.05138328019158754
265,19-03145,3454849647311,25.691525999996298,-100.43857799999878,3.5 TB,0.3499380232937027
266,19-03146,5057323030263,25.696776999994736,-100.4535819999886,5.1 TB,0.5130244776429141
267,19-03147,2212454059149,25.676421000000722,-100.49001099999444,2.2 TB,0.22349730138967286
268,19-03148,3078297531918,25.682289000001077,-100.50035699999572,3.1 TB,0.3116156710908774
269,19-03149,2967836438658,25.675068999994163,-100.45506400001406,3.0 TB,0.3003738568835642
270,19-03150,1267483210681,25.680012800002363,-100.32461600002695,1.3 TB,0.12732600345765074
271,19-03151,4668075225092,25.796692000003137,-100.58427300001011,4.7 TB,0.4734100633980989
272,19-03154,587182808733,25.66821199999664,-100.3504239999809,587.2 GB,0.058090669113650586
273,19-03157,6217366704260,25.73047000000553,-100.16688899998682,6.2 TB,0.6310841045266327
274,19-03158,1552509013090,25.67344499999857,-100.20521000001952,1.6 TB,0.1563335663959458
275,19-03159,1833967575934,25.67167200000244,-100.31415300001237,1.8 TB,0.18497808526832424
276,19-03160,1245437777345,25.659939000000524,-100.36597100001563,1.2 TB,0.1250824020377401
277,19-03161,551911943898,25.20313499999591,-99.91886580001412,551.9 GB,0.05450109293162752
278,19-03164,300576111850,24.887438000004195,-99.66830300002607,300.6 GB,0.028922215843442508
279,19-03166,1878801021564,25.66243999999064,-100.28726999997687,1.9 TB,0.18954086163755512
280,19-03167,739352198995,25.672866999994337,-100.3766319999945,739.4 GB,0.07357720797434276
281,19-03168,2640665331021,25.89440900000044,-100.17123600001725,2.6 TB,0.26707709421800874
282,19-03169,524080476029,25.697512000006117,-100.37146499998178,524.1 GB,0.05166863689062433
283,19-03171,7390586417428,25.777502999993928,-100.2556239999867,7.4 TB,0.7504846794308458
284,19-03173,1931796428057,25.024199999994355,-100.54609999995846,1.9 TB,0.1949342947102575
285,19-03178,34005726481,24.470105599997385,-100.32013000000572,34.0 GB,0.001792892232308717
286,19-03179,94134017731,24.388308199997116,-100.3910799999795,94.1 GB,0.007912251174779806
287,19-03182,208534386915,23.880275000002783,-100.4861100000134,208.5 GB,0.01955497222396818
288,19-03185,508102318776,25.513540999995023,-100.00655000001738,508.1 GB,0.050042512524910626
289,19-03186,829437263367,25.460474599997266,-99.99841200000981,829.4 GB,0.08274531890495036
290,19-03187,719018206677,25.410046000002733,-99.98949389998462,719.0 GB,0.07150778283119451
291,19-03188,830598592111,25.344469000002988,-99.9902389999682,830.6 GB,0.0828635093156041
292,19-03189,476849415800,25.26111299999302,-99.68221500001411,476.8 GB,0.04686185118681935
293,19-03191,611166980788,25.209885999997596,-99.84892799998627,611.2 GB,0.06053157928574083
294,19-03193,512661616123,25.732390999998092,-100.39415900001177,512.7 GB,0.05050652000644286
295,19-03194,247151162488,25.652777999999042,-100.39644399999666,247.2 GB,0.023485067458996776
296,19-03195,627300270978,25.643994000005325,-100.35318299999928,627.3 GB,0.0621734917955306
297,19-03196,2131519946120,25.669119999998713,-100.31783599998076,2.1 TB,0.21526049841358666
298,19-03197,3498705557773,25.73876499999862,-100.34244499999828,3.5 TB,0.35440131423855975
299,19-03199,2371797894068,25.616933999995208,-100.27054099997052,2.4 TB,0.23971399574217067
300,19-03200,643612927251,25.186054999998383,-99.85259900001758,643.6 GB,0.06383365869807232
301,19-03201,929264162922,25.203525000001637,-99.8272379999981,929.3 GB,0.09290487304812672
302,19-03202,870975900492,25.188676999998357,-99.82360800000555,871.0 GB,0.08697277698274715
303,19-03204,1340266806260,25.184861099992812,-99.83760829998614,1.3 TB,0.13473331434595998
304,19-03206,433321815848,25.195333000004204,-99.83561099998425,433.3 GB,0.04243197296355327
305,19-03207,826154352446,25.223373999995346,-99.93347800000355,826.2 GB,0.0824112114509695
306,19-03210,212159076612,25.12949199999645,-99.93240799999423,212.2 GB,0.019923863087984207
307,19-03211,202434267437,25.227222000001163,-99.77636100001104,202.4 GB,0.018934152641342152
308,19-03219,953924590772,25.540107999994788,-100.20729000001683,953.9 GB,0.09541460692800079
309,19-03222,1784848063291,25.630082999996755,-100.27180600001441,1.8 TB,0.17997910853552437
310,19-03223,849716174126,25.494810000001905,-100.18752499999052,849.7 GB,0.08480913830372065
311,19-03224,1437643758547,25.679392000000778,-100.36282100000416,1.4 TB,0.1446435331694166
312,19-03225,6442132061617,25.806574999996066,-100.32564900000548,6.4 TB,0.6539588590042144
313,19-03226,1656119171262,25.71788499999529,-100.34677800000608,1.7 TB,0.16687814923307528
314,19-03228,4199081253954,25.78106080000981,-100.28649579997364,4.2 TB,0.42567974557955707
315,19-03229,216693774866,25.635146999995808,-100.37123199998304,216.7 GB,0.020385367077789054
316,19-03230,2482993279830,25.660661000001625,-100.45069499997733,2.5 TB,0.2510305401521071
317,19-03231,4874221716018,25.74969999999121,-100.34799999999821,4.9 TB,0.49438994402470915
318,19-03232,4026353540972,25.60611100000089,-100.15678800000488,4.0 TB,0.4081009510873889
319,19-03233,2444740340429,25.69243679999469,-100.32654709998171,2.4 TB,0.24713747314599432
320,19-03234,598787188289,25.50805559999747,-100.19527779999805,598.8 GB,0.05927166664961229
321,19-03236,2409517128853,25.66064600000286,-100.30657000001092,2.4 TB,0.2435527467175654
322,19-03237,508105991539,25.661724000003286,-100.35206800000574,508.1 GB,0.05004288630827683
323,19-03238,1623833381950,25.687734199998385,-100.23701399999578,1.6 TB,0.16359236928766357
324,19-03239,1942138779450,25.70718700000435,-100.22249200000545,1.9 TB,0.19598685348362746
325,19-03240,3588788177169,25.761444000003053,-100.2614500000183,3.6 TB,0.36356917633978203
326,19-03241,5880791710270,25.792995999995597,-100.49016800001671,5.9 TB,0.5968302922783949
327,19-03242,3182734739051,25.65276200000314,-100.11370700000901,3.2 TB,0.32224442411395665
328,19-03243,1666363599299,25.69471860000014,-100.21276120001494,1.7 TB,0.1679207421791823
329,19-03244,1099281536182,25.718294999998875,-100.54546099997981,1.1 TB,0.11020783163559573
330,19-03246,3358200112458,25.615649999996883,-100.17197499999034,3.4 TB,0.34010183498545143
331,19-03247,5061476039997,25.638689000003204,-100.12551100000908,5.1 TB,0.5134471365398428
332,19-03248,306550129739,25.602994000000475,-100.11294700000495,306.6 GB,0.029530201851884656
333,19-03249,1886535005856,25.605314999995308,-99.99119800000884,1.9 TB,0.19032796243410705
334,19-03251,25813039894,25.68945399999961,-100.6506599999994,25.8 GB,0.0009591085194043298
335,19-03252,1881794290522,25.64205100000008,-100.20137699998332,1.9 TB,0.18984549173404666
336,19-03253,1598056091115,25.659978999994895,-100.15322700000965,1.6 TB,0.16096897035340837
337,19-03255,2601666693270,25.676425000006144,-100.08959500002008,2.6 TB,0.2631081362166324
338,19-03256,2896487318819,25.709896999994836,-100.1957470000071,2.9 TB,0.29311253504242135
339,19-03257,9842302358193,25.639574999998885,-100.0563910000255,9.8 TB,1.0
340,19-03258,1548373289126,25.673917000002582,-100.18019999998248,1.5 TB,0.1559126667013666
341,19-03259,653952676699,25.75494300000473,-100.18168999999776,654.0 GB,0.06488595266705367
342,19-03260,1736278866331,25.744647000003667,-100.17423799998791,1.7 TB,0.17503613837011467
343,19-03261,2777857375880,25.75416400000292,-100.13355999998905,2.8 TB,0.2810393630450614
344,19-03262,2049880120788,25.742702999999405,-100.142133999991,2.0 TB,0.20695187389056477
345,19-03263,2879610850161,25.7242500000036,-100.15324999998022,2.9 TB,0.2913949879900649
346,19-03264,1478611406901,25.71872199999779,-100.13813900001085,1.5 TB,0.14881288074433313
347,19-03266,3017558404891,25.578000000000618,-99.9911390000235,3.0 TB,0.3054341463476383
348,19-03267,1359497938429,25.652803000003267,-100.22630600001948,1.4 TB,0.13669049952727366
349,19-03268,1493494023768,25.65675799999819,-100.176077999991,1.5 TB,0.15032751009300013
350,19-03269,3053167658109,25.688594000005185,-100.18385599997812,3.1 TB,0.30905816089360777
351,19-03270,1038445896522,25.700191999995674,-100.19131100000726,1.0 TB,0.10401648463678394
352,19-03271,1242800463579,25.773220000002315,-100.1632499999893,1.2 TB,0.12481399810936346
353,19-03272,2766893180145,25.798207000008148,-100.16845600002223,2.8 TB,0.2799235181104529
354,19-03273,3041530976309,25.666972000001525,-100.12636400000837,3.0 TB,0.3078738759030789
355,19-03274,3863018914211,25.66461899999455,-100.11063600002872,3.9 TB,0.3914781070300152
356,19-03275,2205125175215,25.760917000005303,-100.35939700001323,2.2 TB,0.2227514283487546
357,19-03276,2388247192370,25.79167200000388,-100.30578899997657,2.4 TB,0.24138806893748566
358,19-03277,1157885714315,25.7604690000007,-100.23462799998616,1.2 TB,0.11617207898187872
359,19-03278,1948934532928,25.70873600000048,-100.34170999999661,1.9 TB,0.19667846892707197
360,19-03279,1326949242706,25.674299000004197,-100.36568000002157,1.3 TB,0.13337796314718303
361,19-03290,139715662576,25.81945599999853,-100.33382100000331,139.7 GB,0.012551173056578532
362,19-03291,6309550963176,25.829240999999474,-100.3647320000225,6.3 TB,0.640465854072903
363,19-03292,2929660056488,25.80254400000387,-100.36885400000027,2.9 TB,0.29648858123766464
364,19-03294,5526085329138,25.799613000005404,-100.39891900003344,5.5 TB,0.5607312177793893
365,19-03296,4467692084121,25.79839200000275,-100.41767000001467,4.5 TB,0.4530167287443167
366,19-03301,1384474863436,25.29569300000318,-100.0274519999703,1.4 TB,0.13923244386361824
367,19-03303,2485010349202,25.702565000004967,-100.51613700002201,2.5 TB,0.25123582074868706
368,19-03305,4393754792274,25.791443999993657,-100.32463100000201,4.4 TB,0.44549200421547797
369,19-03306,945309819891,25.477749999997858,-100.19552800000893,945.3 GB,0.09453786697527534
370,19-03307,516027275948,25.479917000000864,-100.16800000000421,516.0 GB,0.050849048957777886
371,19-03308,748241604840,25.377138000000876,-100.15015799999452,748.2 GB,0.07448189799662668
372,19-03309,3649934323646,25.79864699999389,-100.22117200002705,3.6 TB,0.3697921241479268
373,19-03310,3370581664824,25.67777800000555,-100.11391700000405,3.4 TB,0.34136192672625165
374,19-03311,3622986924663,25.807689999993688,-100.40263999998747,3.6 TB,0.36704964130807133
375,19-03313,3480838202629,25.77633999999745,-100.19864000000949,3.5 TB,0.352582922975383
376,19-03314,2013944432336,25.738302000001557,-100.25450000001949,2.0 TB,0.20329463747304724
377,19-03315,2512384471199,25.72824169999718,-100.23346389999598,2.5 TB,0.2540217319188242
378,19-03316,1289220519119,25.78913900000042,-100.37866699998882,1.3 TB,0.1295382464801951
379,19-03317,1885370543898,25.788444400002543,-100.4074611000177,1.9 TB,0.19020945315091078
380,19-03318,2769901636040,25.84549999999718,-100.3717200000245,2.8 TB,0.28022969380747303
381,19-03319,276486236343,25.761480999997953,-100.5475280000086,276.5 GB,0.026470548050425428
382,19-03320,5610934857529,25.919355000000795,-100.18204000000688,5.6 TB,0.5693664992671851
383,19-03321,3210940682308,25.93876799999833,-100.18232300001542,3.2 TB,0.32511499115506737
384,19-03322,2158249484219,25.967593999994712,-100.17134999998649,2.2 TB,0.21798080917901586
385,19-03323,882359104782,25.803772000004514,-100.15642500001391,882.4 GB,0.0881312651339631
386,19-03324,412365115036,25.788509000003202,-100.4478060000084,412.4 GB,0.04029917371294089
387,19-03325,1943508960557,25.705833299999313,-100.37638889998648,1.9 TB,0.19612629915613233
388,19-03326,1133404249242,25.723730999999187,-100.40020000001387,1.1 TB,0.11368055844961586
389,19-03328,709314151801,25.635137000003212,-100.33262999998617,709.3 GB,0.0705201845850248
390,19-03329,4274350392707,25.805556000002955,-100.293629999978,4.3 TB,0.4333400144437628
391,19-03333,3421681749313,25.716213999996388,-100.12282000000742,3.4 TB,0.34656246964004667
392,19-03334,5483373985484,25.820754999994605,-100.23866000001632,5.5 TB,0.5563844113543179
393,19-03335,2880451228042,25.802252999997123,-100.23739499997063,2.9 TB,0.2914805146829784
394,19-03337,4770457399497,25.78920999999853,-100.5753099999872,4.8 TB,0.48382967222898965
395,19-03338,3208334155565,25.804705999996976,-100.55666000000191,3.2 TB,0.3248497204746276
396,19-03340,203693516470,25.721416999997892,-100.49822200000604,203.7 GB,0.019062308567125034
397,19-03341,1534344257550,25.69546300000311,-100.49507699999961,1.5 TB,0.15448490818629645
398,19-03342,114751212294,25.61749999999873,-100.340749999997,114.8 GB,0.010010498294312914
399,19-03343,2229245591457,25.68459600000507,-100.41125099998457,2.2 TB,0.22520620432455796
400,19-03344,42786906745,25.624872000000295,-100.37132999999639,42.8 GB,0.002686567952287855
401,19-03345,252285389079,25.822719000002508,-100.2591680000067,252.3 GB,0.024007586472079637
402,19-03346,2893725059857,25.79291700000805,-100.23505599999595,2.9 TB,0.29283141522795236
403,19-03347,851418112217,25.391888999997644,-100.14394400000869,851.4 GB,0.08498234745136449
404,19-03348,724236201956,25.576692000001895,-100.25781199999655,724.2 GB,0.07203882712679173
405,19-03349,2237651724402,25.740708000006663,-100.40785000000979,2.2 TB,0.22606171083803445
406,19-03351,1046559810544,25.61455599999305,-100.3152499999906,1.0 TB,0.10484225153114861
407,19-03354,692824054495,25.877956999997934,-100.22533000000531,692.8 GB,0.06884195920535897
408,19-03359,1205165823132,25.713419000001043,-100.21103999998492,1.2 TB,0.12098385644429438
409,19-03360,3603204637579,25.71328200000014,-100.16943000000786,3.6 TB,0.3650363641492928
410,19-03365,2349454048919,25.765661999994787,-100.43179999998381,2.3 TB,0.23744002444215104
411,19-03366,2915915284528,25.780751000002816,-100.37191999998544,2.9 TB,0.29508975230943274
412,19-03367,788568950855,25.687055999996577,-100.358959999993,788.6 GB,0.07858608090841059
413,19-03369,5977932653020,25.60586400000061,-100.07306000000523,6.0 TB,0.6067164920079987
414,19-03370,2171324629630,25.781406999996193,-100.46133300000973,2.2 TB,0.2193114890691568
415,19-03371,342862968290,25.57579400000215,-100.27364999999057,342.9 GB,0.03322582147941849
416,19-03372,99793661832,25.518651999999072,-100.22094999999264,99.8 GB,0.008488242825642794
417,19-03374,398197371262,25.639769900001372,-100.39499549999124,398.2 GB,0.03885729822046103
418,19-03375,333867414323,25.66726399999765,-100.36719999998661,333.9 GB,0.032310328581382025
419,19-03377,538725409692,25.635425999995586,-100.3481900000144,538.7 GB,0.053159076813488006
420,19-03379,746709778241,25.606177000000365,-100.25740999999461,746.7 GB,0.0743260013861953
421,19-03380,1788086124262,25.731800000004313,-100.30824000000013,1.8 TB,0.18030865153345807
422,19-03382,821381289061,25.740555999999916,-100.39508299997743,821.4 GB,0.08192544863448532
423,19-03384,2195275080346,25.83525100000414,-100.13937999997977,2.2 TB,0.22174896736295693
424,19-03385,8079876455326,25.824610999999713,-100.1136600000138,8.1 TB,0.8206349043861801
425,19-03386,459127976556,25.751431999999618,-100.03088199999416,459.1 GB,0.04505831003411398
426,19-03390,2586894165883,25.73086900000219,-100.34354000001296,2.6 TB,0.2616047108624563
427,19-03392,2341663599910,25.751114999996062,-100.39002000002797,2.3 TB,0.23664717713486805
428,19-03394,1392465447452,25.769475000002274,-100.14024400000764,1.4 TB,0.14004565925253679
429,19-03397,525047742219,25.36840199999469,-99.91827100000809,525.0 GB,0.05176707722356039
430,19-03400,281764718278,25.89538600000029,-100.3517059999922,281.8 GB,0.027007748176358065
431,19-03401,977251943954,25.93233300000269,-100.36499300001951,977.3 GB,0.09778867152107125
432,19-03402,3375297160642,25.954943999997788,-100.31041000000674,3.4 TB,0.34184183079307584
433,19-03403,1609292069126,25.943739999995223,-100.36158000001889,1.6 TB,0.16211247503464313
434,19-03410,3183183885647,25.971566700001272,-100.45372219999854,3.2 TB,0.32229013453049393
435,19-03411,3687097703057,25.9876670000004,-100.45513899998899,3.7 TB,0.37357430477211256
436,19-03412,3533772165240,25.966673999999333,-100.4399000000035,3.5 TB,0.3579701027992243
437,19-03420,1840177809624,25.950019999995547,-100.40686200000333,1.8 TB,0.18561011136245906
438,19-03441,925196986208,25.894280999996088,-100.10638500001102,925.2 GB,0.09249094952430754
439,19-03442,5166801283990,25.87550600000533,-100.12891199998721,5.2 TB,0.5241662665915638
440,19-03443,2141543151798,25.784428999998354,-100.05267000000416,2.1 TB,0.21628057718221283
441,19-03444,6228602925898,25.799152999999936,-100.09819500001211,6.2 TB,0.6322276340022035
442,19-03446,935182471261,25.953185999998936,-100.16385400001192,935.2 GB,0.09350718940047377
443,19-03447,2774431064003,25.966152999994808,-100.28687099998332,2.8 TB,0.2806906614307574
444,19-03448,1138419984620,25.849178000002407,-100.29124699998867,1.1 TB,0.1141910184094843
445,19-03450,590937042048,25.388708000005735,-100.11695199998172,590.9 GB,0.058472743853023264
446,19-03451,2375778346721,25.79824609999886,-100.60157730000078,2.4 TB,0.2401190932101154
447,19-03452,936133344105,25.424693999994165,-100.14738900001942,936.1 GB,0.0936039613545759
448,19-03457,5555196629297,25.801277999999073,-100.61135999998574,5.6 TB,0.563693924539411
449,19-03462,777149985895,26.087418999996228,-99.61406099997605,777.1 GB,0.07742395333270403
450,19-03463,103432799814,26.219737999999786,-99.48222599999397,103.4 GB,0.008858604116311234
451,19-03466,279091619616,25.90745090000354,-99.40872890000925,279.1 GB,0.026735702357969418
452,19-03471,138890336949,26.49844300000106,-100.43595999998993,138.9 GB,0.012467178257274586
453,19-03472,231303146949,26.531138799997997,-100.50439000000512,231.3 GB,0.021872187837891622
454,19-03474,178122073194,27.03087400000021,-100.49950999999537,178.1 GB,0.016459859090683565
455,19-03481,5226535886636,25.8101819999933,-100.61645700001473,5.2 TB,0.5302455591721053
456,19-03482,5593203188622,25.902999999996602,-100.26599999997437,5.6 TB,0.5675619170241966
457,19-03485,2888158927900,25.876618000001617,-100.17312599998526,2.9 TB,0.29226494046776963
458,19-03486,3010916731267,25.79425000000126,-100.46592000000064,3.0 TB,0.3047582118742136
459,19-03487,5775906898615,25.819175000005185,-100.62468999998843,5.8 TB,0.5861559857782843
460,19-03490,2510596275267,25.726578000001513,-100.32316999999026,2.5 TB,0.25383974416331195
461,19-03493,909839834461,25.66341000000232,-100.25042000002287,909.8 GB,0.09092802595005929
462,19-03496,1201188213535,25.672223000001285,-100.30643400001976,1.2 TB,0.12057904831901674
463,19-03498,5094729614636,25.911293999995554,-100.2463499999997,5.1 TB,0.5168314096516501
464,19-03501,58523240162,26.0586229999989,-99.19655399999623,58.5 GB,0.00428808149300444
465,19-03504,190197950561,25.684298999997555,-99.6136740000107,190.2 GB,0.017688841764524902
466,19-03505,233834616931,25.922363000002036,-99.18241200000857,233.8 GB,0.022129819863513985
467,19-03506,632005381343,25.70785599999553,-99.25674999997432,632.0 GB,0.06265233891705721
468,19-03508,1379659215912,25.79029289999777,-99.1817169999906,1.4 TB,0.138742347186544
469,19-03509,674894652601,25.71327800000339,-99.22718399998752,674.9 GB,0.06701725333841473
470,19-03515,439154966781,25.7161388999975,-99.49769440001364,439.2 GB,0.04302562270118218
471,19-03603,1438147568233,26.507507000001763,-100.1754600000287,1.4 TB,0.1446948067420267
472,19-03604,1724769901147,26.495681000000328,-100.18770999998821,1.7 TB,0.17386485131782714
473,19-03605,876872691685,26.54771600000085,-100.17131999999121,876.9 GB,0.08757290349837916
474,19-03606,584645988826,26.484839000003646,-100.17313999999661,584.6 GB,0.0578324926170195
475,19-03608,364538407102,26.494555999998372,-100.21597000001101,364.5 GB,0.03543176792440743
476,19-03609,1104409348653,26.527388999996898,-100.16977999999668,1.1 TB,0.11072969787272631
477,19-03611,1821525443370,26.507931999999144,-100.19524000000995,1.8 TB,0.18371182817725942
478,19-03700,190358718055,25.67469400000074,-100.70266000000275,190.4 GB,0.017705203347094696
479,19-03701,991260098279,25.644877000007018,-100.26439999998712,991.3 GB,0.0992143053226339
480,19-03702,4339310777227,25.77966499999636,-100.38775899999978,4.3 TB,0.43995114377497957
481,19-03703,580639344412,25.641642000001866,-100.32139000001861,580.6 GB,0.05742472956880361
482,19-03705,1668365302853,25.588897000003975,-100.28081999999017,1.7 TB,0.1681244589702086
483,19-03706,271756263647,25.76142799999872,-99.95942799998888,271.8 GB,0.025989170646990373
484,19-03709,232377300908,25.634869000001196,-100.36438899999544,232.4 GB,0.021981506321719274
485,19-03713,2134885164461,25.69037200000066,-100.34660000002522,2.1 TB,0.21560298243434065
486,19-03714,3206035085289,25.71736399999748,-100.22542000001586,3.2 TB,0.32461574016418915
487,19-03722,397948521199,25.71372199999612,-100.38862999998513,397.9 GB,0.03883197232433632
488,19-03724,1149770381557,25.646392999999637,-100.36107999997105,1.1 TB,0.1153461677003271
489,19-03725,807365060120,25.653762000001617,-100.3493699999818,807.4 GB,0.08049899306545515
490,19-03727,3291669918211,25.63558300000061,-100.30529999999425,3.3 TB,0.3333309434359644
491,19-03728,1573420626858,25.748522999994883,-100.11423399998526,1.6 TB,0.15846177706104952
492,19-03729,132316535893,25.763823999998117,-100.12576999999709,132.3 GB,0.011798151291069895
493,19-03730,1955580746590,25.943677900004204,-100.22829999998305,2.0 TB,0.19735486544792158
494,19-03731,3103127153769,25.63774699999552,-100.31624999999573,3.1 TB,0.3141426241333371
495,19-03732,277443418117,25.746721999999163,-100.42794999999519,277.4 GB,0.0265679620751138
496,19-03733,2110294505244,25.71989200000256,-100.38608599998365,2.1 TB,0.2131003490274615
497,19-03734,2193308106059,25.733733000000875,-100.38458000000088,2.2 TB,0.22154878502877554
498,19-03735,1444400722084,25.650289000005444,-100.31030999998245,1.4 TB,0.1453312008942847
499,19-03736,5436139558118,25.848641999997557,-100.319850000006,5.4 TB,0.551577282971227
500,19-03737,642312444382,25.40839399999838,-100.16467700001319,642.3 GB,0.06370130633434296
501,19-03738,8636411520245,25.704797000001175,-100.09495000003355,8.6 TB,0.8772744289013693
502,19-03740,4955453919051,25.98139599999836,-100.15743000000286,5.0 TB,0.5026570841298525
503,19-03741,1616683981225,25.68326699999523,-100.46140999999055,1.6 TB,0.16286476255961044
504,19-03742,1732385293809,25.678779999998774,-100.3103000000105,1.7 TB,0.174639882841555
505,19-03745,1390454360484,25.369369999997783,-100.10294300000515,1.4 TB,0.13984098749543414
506,19-03746,8674003700753,25.846536000002697,-100.3881599999968,8.7 TB,0.8811002493458946
507,19-03747,972106575014,25.726358000004673,-100.31081000001403,972.1 GB,0.09726501853209159
508,19-03749,2338264061747,25.72571500000315,-100.31595399999186,2.3 TB,0.23630120032718643
509,19-03751,379276872838,25.614820999997594,-100.29183999999623,379.3 GB,0.03693172676615973
510,19-03752,2583719956667,25.580987000002796,-100.24161299999972,2.6 TB,0.2612816661667332
511,19-03753,741074566262,25.68559300000155,-100.32360100000881,741.1 GB,0.07375249623413571
512,19-03754,1304849266341,25.672205000003704,-100.31706999999163,1.3 TB,0.13112881079001268
513,19-03755,2334360533220,25.764785000005276,-100.40619000000767,2.3 TB,0.23590393155898592
514,19-03756,713679578795,25.72636599999528,-100.39283000001892,713.7 GB,0.07096446154946355
515,19-03758,637918623720,25.652620000001612,-100.27441399999151,637.9 GB,0.06325413969779524
516,19-03761,925017054503,25.6859929999971,-100.30931399998128,925.0 GB,0.09247263756723814
517,19-03763,1623509267867,25.749110000002894,-100.20978200002061,1.6 TB,0.1635593836436189
518,19-03764,1236777974123,25.690475000004817,-100.351683999999,1.2 TB,0.12420107906672376
519,19-03768,1947446278847,25.650981000000908,-100.33129700000649,1.9 TB,0.19652700676625035
520,19-03770,439740423928,25.651737000000757,-100.37600699999122,439.7 GB,0.04308520567541028
521,19-03771,2894730781850,25.744813999994896,-100.41942399997956,2.9 TB,0.29293376927366965
522,19-03772,460520111504,25.685957999994784,-100.37466700001758,460.5 GB,0.04519998998653022
523,19-03773,3565772392321,25.835584999995373,-100.37394900000562,3.6 TB,0.36122682058844346
524,19-03779,2396816870597,25.643243999996166,-100.28240999998914,2.4 TB,0.24226021973376316
525,19-03781,650503349820,25.758694999997257,-100.29662799998765,650.5 GB,0.06453490877667015
526,19-03784,939817389226,25.65609399999964,-100.41311499998707,939.8 GB,0.09397889292151375
527,19-03785,809721896856,25.65753699999933,-100.3568400000158,809.7 GB,0.08073885236723409
528,19-03788,1532860479179,25.682254000004157,-100.4224000000184,1.5 TB,0.15433390152612925
529,19-03794,4105367330099,25.662496000003156,-100.09341400000255,4.1 TB,0.4161423194186873
530,19-03797,4786265414910,25.777541699995144,-100.4136916999868,4.8 TB,0.48543848096892306
531,19-03799,4075538274309,25.615060999995162,-100.14269999998909,4.1 TB,0.4131065654416606
532,19-03802,1196606868089,25.704758999992862,-100.32838199998481,1.2 TB,0.1201127969647754
533,19-03804,1417625715446,25.71460830000471,-100.27502780000205,1.4 TB,0.1426062627179488
534,19-03805,2523255511507,25.70456599999398,-100.29067300002085,2.5 TB,0.25512809626645105
535,19-03807,2119972722165,25.690690000000185,-100.27777999998084,2.1 TB,0.21408531770080122
536,19-03809,6883931913324,25.801372199998497,-100.56717499998084,6.9 TB,0.6989215848213334
537,19-03811,3616837870771,25.792810000006305,-100.55983699998498,3.6 TB,0.36642384158651764
538,19-03815,2850165481880,25.787642000004862,-100.39725100001282,2.9 TB,0.2883982825464408
539,19-03817,5550353025598,25.641632999996062,-100.1128060000273,5.6 TB,0.563200982714638
540,19-03819,2447397477794,25.78155099999853,-100.16813799997439,2.4 TB,0.24740789455591403
541,19-03822,4816063259446,25.84295600000248,-100.39827000000477,4.8 TB,0.4884710585232991
542,19-03823,2783191081202,25.91719400000305,-100.24106989999018,2.8 TB,0.2815821833494499
543,19-03826,647760870613,25.729041699996607,-100.25346669997992,647.8 GB,0.06425580198166544
544,19-03827,1211335450611,25.661855999997428,-100.18036999998387,1.2 TB,0.12161174997495136
545,19-03831,2914032892305,25.64736110000608,-100.18794439997707,2.9 TB,0.29489817803643104
546,19-03839,2516327122981,25.91643300000411,-100.16173299998104,2.5 TB,0.25442298232753646
547,19-03840,2353231411303,25.905438999996047,-100.15936199997546,2.4 TB,0.23782445306639677
548,19-03842,1252090537397,25.71480099999766,-100.33700799999835,1.3 TB,0.12575946479588593
549,19-03847,2860993910919,25.747249999997443,-100.35994440000147,2.9 TB,0.28950031027241113
550,19-03851,775667243800,25.674824899996025,-100.32334999999237,775.7 GB,0.07727305213611603
551,19-03853,1396616954618,25.683138999996753,-100.35117200001469,1.4 TB,0.1404681652305525
552,19-03854,1274624379520,25.75920100000227,-100.36912499999197,1.3 TB,0.12805277241259974
553,19-03856,602285781622,25.6594920000043,-100.37607999998383,602.3 GB,0.059627724471201606
554,19-03857,2466709541947,25.765369000000618,-99.98875000001223,2.5 TB,0.24937331632352888
555,19-03858,571196556037,25.674815000003647,-100.39084100000801,571.2 GB,0.056463720860869995
556,19-03860,1566497179735,25.739750000001163,-99.98447200001026,1.6 TB,0.15775716601716167
557,19-03862,3452405432452,25.776761999995813,-100.56517099998882,3.5 TB,0.34968927137104194
558,19-03863,1199858379067,25.766630000002067,-100.30784699998092,1.2 TB,0.12044370879290368
559,19-03864,2406788238201,25.72487199999581,-100.27921899998806,2.4 TB,0.243275022853022
560,19-03865,440001860205,25.888949999996342,-100.23705200000823,440.0 GB,0.04311181249203998
561,19-03871,2288930470298,25.763167999999176,-100.19055099997362,2.3 TB,0.23128043642850082
562,19-03872,8767117878549,25.86005560000165,-100.31033329999882,8.8 TB,0.8905766383255463
563,19-03873,6180911368712,25.795022200002563,-100.05637779997515,6.2 TB,0.6273739827362278
564,19-03875,1826853175552,25.897740999995325,-100.24365600000553,1.8 TB,0.18425404058498376
565,19-03877,805257232986,25.755969399995376,-100.30691669998409,805.3 GB,0.08028447589635755
566,19-03878,3210906548516,25.80131670000227,-100.54400830002739,3.2 TB,0.3251115173007307
567,19-03882,1071203438195,25.720166699997367,-100.51555560001647,1.1 TB,0.10735027562606374
568,19-03887,3257392340062,25.65031500000089,-100.14183299998861,3.3 TB,0.3298424557372169
569,19-03888,4644593646886,25.826521000005602,-100.21604100000972,4.6 TB,0.4710203030608097
570,19-03891,753478589911,25.70319719999878,-100.23562499997911,753.5 GB,0.07501487491580382
571,19-03892,932383163778,25.710921999998508,-100.26408999998249,932.4 GB,0.09322229909471737
572,19-03893,5307334513698,25.75746110000173,-100.11188059998818,5.3 TB,0.5384685735098232
573,19-03894,1074993635762,25.76922099999662,-100.24027599999694,1.1 TB,0.10773601050881502
574,19-03900,2961583833724,25.87791300000273,-100.25873099999379,3.0 TB,0.2997375185955273
575,19-03901,1812375577348,25.83719170000266,-100.25271939999061,1.8 TB,0.1827806306777107
576,19-03906,1776962564657,25.701777799993476,-100.45869440001053,1.8 TB,0.17917658786549268
577,19-03909,436024536569,25.688858300003115,-100.33774720001104,436.0 GB,0.04270703346950193
578,19-03911,5152993914605,25.786613900003736,-100.59531390000971,5.2 TB,0.5227610670164287
579,19-03912,3400012251084,25.786316699994444,-100.47966940001915,3.4 TB,0.34435712777834043
580,19-03914,2164873098843,25.81619400000641,-100.41161099998367,2.2 TB,0.21865490575715296
581,19-03916,2636050461770,25.757868999999033,-100.14410699997745,2.6 TB,0.26660743108885
582,19-03917,2753504350696,25.765052800003772,-100.17456390000015,2.8 TB,0.27856091405976885
583,19-03918,915491961471,25.78733059999706,-100.15863890000159,915.5 GB,0.09150325257372666
584,19-03919,6863713581633,25.86700399999973,-100.26856800002976,6.9 TB,0.6968639306578257
585,19-03922,1795931482918,25.941539999999808,-100.20090799999892,1.8 TB,0.18110708708934103
586,19-03925,1528633200783,25.72393400000168,-100.53406199999334,1.5 TB,0.1539036841805652
587,19-03926,1182072620114,25.69229440000519,-100.30414440002298,1.2 TB,0.1186336217135095
588,19-03927,63937848043,25.646083300000633,-100.39774169999885,63.9 GB,0.004839135389061594
589,19-03929,1110752954900,25.654027999998227,-100.28998300000816,1.1 TB,0.11137529751988234
590,19-03934,4777141892506,25.795668000004834,-100.34584100000619,4.8 TB,0.4845099645043919
591,19-03936,6591819399929,25.855937999998837,-100.14210099998488,6.6 TB,0.6691927951968419
592,19-03947,298252408096,25.68925199999967,-100.28783899999708,298.3 GB,0.028685728541856442
593,19-03961,2737198948814,25.709839000000446,-100.18165399997766,2.7 TB,0.2769014854489949
594,19-03971,2602992800746,25.740813000006348,-100.37587900000545,2.6 TB,0.2632430964404013
595,19-03983,1040890538514,25.744551999995682,-100.30340800001105,1.0 TB,0.10426528002949993
596,19-06006,679387772198,25.68158400000375,-100.35487399998438,679.4 GB,0.06747452579725072
597,19-06008,16388922607,25.678317999999418,-100.2889419999993,16.4 GB,0.0
598,19-06014,433592569774,25.64896699999644,-100.33892899999445,433.6 GB,0.04245952805324289
599,19-06016,315463868857,25.688592000002096,-100.14187799999574,315.5 GB,0.030437368312940333
600,19-06018,248493641769,25.73216499999702,-100.39569300000437,248.5 GB,0.02362169386933518
601,19-06021,178683606990,25.72254000000154,-100.31183999999575,178.7 GB,0.01651700734460226
602,19-06022,23386693331,25.680839000000308,-100.28826499999973,23.4 GB,0.0007121750837592907
603,19-06023,142929568307,25.6808390000003,-100.28826500000426,142.9 GB,0.012878257734463069
604,19-06024,24679613278,25.669011999999828,-100.24443900000077,24.7 GB,0.0008437577559938637
605,19-06025,24592794692,25.669264000000105,-100.24328999999885,24.6 GB,0.0008349220801486468
606,19-06026,171749393307,25.678318999999014,-100.28220999999684,171.7 GB,0.015811300569506248
607,19-06034,270414474524,25.726389000002182,-100.3022500000049,270.4 GB,0.025852614475210912
608,19-06040,151029604756,25.641661999998774,-100.32202000000643,151.0 GB,0.013702612284510755
609,19-06041,86386102102,25.664829999999515,-100.33035900000843,86.4 GB,0.007123732562256742
610,19-06042,357049522461,25.667378000000923,-100.31581399998464,357.0 GB,0.03466961133814259
611,19-06044,738250919192,25.66560300000118,-100.31682299998002,738.3 GB,0.07346512884702097
612,19-06045,427113532456,25.7716383000003,-100.1043700999918,427.1 GB,0.04180014535457844
613,19-06048,192656334855,25.577317000001532,-100.24515999999525,192.7 GB,0.01793903573479708
614,19-06049,307369517516,25.743052000002397,-100.31317899999294,307.4 GB,0.02961359234604802
615,19-06058,614185746019,25.71994700000305,-100.2192400000052,614.2 GB,0.060838804181501366
616,19-06202,1221751979909,25.67663900000477,-100.31448499998709,1.2 TB,0.1226718579604619
617,19-06204,1003975256783,25.667316000004423,-100.31329499999994,1.0 TB,0.10050834873013535
618,24-03171,66794108034,23.828474999994743,-100.52342999997299,66.8 GB,0.005129821848872611
